title_id,title_name,genre,content_type,release_year,num_ratings,avg_rating
T100000,Quiet Garden 0,Romance,Movie,2024,262,7.1
T100001,Rising Voyage 1,Kids,Movie,2022,240,7.3
T100002,Endless Witness 2,Comedy,Movie,2016,20,8.7
T100003,Crimson Echo 3,Reality,Movie,2018,97,9.1
T100004,Silent Shadows 4,Drama,Movie,2015,17,8.2
T100005,Hidden Voyage 5,Thriller,Movie,2021,446,7.7
T100006,Crimson Horizon 6,Drama,Movie,2018,784,8.1
T100007,Dark Witness 7,Kids,Movie,2025,179,6.7
T100008,Broken Witness 8,Thriller,Movie,2022,365,8.1
T100009,Broken Legacy 9,Romance,Series,2023,155,6.3
T100010,Lost Shadows 10,Horror,Series,2023,690,1.4
T100011,Golden Shadows 11,Drama,Series,2017,293,7.0
T100012,Rising Shadows 12,Drama,Movie,2019,15,6.4
T100013,Quiet Legacy 13,Horror,Series,2020,912,8.0
T100014,Dark Signal 14,Action,Series,2020,142,7.1
T100015,Endless Signal 15,Drama,Series,2024,41,6.9
T100016,Endless Ember 16,Documentary,Movie,2022,132,7.0
T100017,Lost Witness 17,Thriller,Series,2020,17,1.4
T100018,Rising Garden 18,Drama,Series,2020,43,6.8
T100019,Golden Ember 19,Comedy,Series,2018,299,8.1
T100020,Dark Echo 20,Drama,Movie,2021,336,8.7
T100021,Crimson Kingdom 21,Action,Movie,2022,376,8.8
T100022,Crimson Garden 22,Kids,Movie,2017,246,9.1
T100023,Broken Horizon 23,Reality,Movie,2021,93,2.0
T100024,Dark Horizon 24,Romance,Series,2017,227,6.6
T100025,Broken Signal 25,Comedy,Movie,2022,133,1.2
T100026,Quiet Legacy 26,Kids,Movie,2015,25,1.4
T100027,Lost Ember 27,Thriller,Movie,2015,83,1.8
T100028,Lost Garden 28,Drama,Movie,2020,850,7.0
T100029,Dark Signal 29,Kids,Movie,2024,2261,1.5
T100030,Hidden Legacy 30,Sci-Fi,Series,2023,609,7.3
T100031,Golden Echo 31,Sci-Fi,Movie,2018,2124,2.0
T100032,Quiet Horizon 32,Romance,Movie,2020,276,6.7
T100033,Broken Echo 33,Comedy,Movie,2019,2805,6.5
T100034,Quiet Empire 34,Comedy,Movie,2015,4343,7.4
T100035,Crimson Echo 35,Romance,Movie,2020,22,7.0
T100036,Rising Harbor 36,Comedy,Series,2023,334,8.3
T100037,Dark Horizon 37,Documentary,Series,2017,276,6.8
T100038,Forgotten Witness 38,Sci-Fi,Series,2025,135,8.4
T100039,Forgotten Kingdom 39,Sci-Fi,Series,2017,487,7.7
T100040,Endless Shadows 40,Documentary,Movie,2016,259,8.6
T100041,Quiet Voyage 41,Sci-Fi,Series,2018,87,9.1
T100042,Last Signal 42,Horror,Series,2024,236,9.3
T100043,Quiet Voyage 43,Romance,Series,2017,1321,1.1
T100044,Rising Garden 44,Comedy,Movie,2016,316,2.1
T100045,Silent Empire 45,Comedy,Series,2015,589,8.2
T100046,Dark Kingdom 46,Action,Series,2017,166,8.5
T100047,Last Signal 47,Drama,Series,2024,461,8.1
T100048,Rising Signal 48,Comedy,Movie,2020,45,1.5
T100049,Forgotten Voyage 49,Comedy,Series,2023,122,8.2
T100050,Rising Harbor 50,Documentary,Series,2025,212,7.5
T100051,Forgotten Garden 51,Kids,Series,2019,41,7.8
T100052,Broken Horizon 52,Drama,Movie,2017,77,7.9
T100053,Forgotten Harbor 53,Romance,Series,2019,379,7.2
T100054,Forgotten Shadows 54,Romance,Movie,2019,293,7.1
T100055,Last Kingdom 55,Drama,Movie,2019,757,7.2
T100056,Golden Witness 56,Kids,Movie,2021,106,8.3
T100057,Golden Harbor 57,Thriller,Series,2019,265,8.7
T100058,Endless Ember 58,Action,Movie,2021,96,7.3
T100059,Golden Garden 59,Sci-Fi,Movie,2023,658,8.2
T100060,Dark Garden 60,Comedy,Series,2019,1296,7.1
T100061,Dark Garden 61,Romance,Series,2016,481,6.8
T100062,Endless Empire 62,Drama,Movie,2019,1081,7.7
T100063,Quiet Kingdom 63,Horror,Series,2022,256,8.2
T100064,Endless Legacy 64,Documentary,Series,2018,756,1.8
T100065,Golden Echo 65,Romance,Movie,2016,272,8.7
T100066,Silent Harbor 66,Comedy,Movie,2024,58,8.4
T100067,Lost Kingdom 67,Romance,Movie,2017,346,8.5
T100068,Golden Ember 68,Sci-Fi,Movie,2023,61,7.9
T100069,Quiet Echo 69,Documentary,Movie,2023,6469,6.6
T100070,Silent Empire 70,Thriller,Series,2022,153,7.6
T100071,Silent Shadows 71,Documentary,Series,2022,604,6.3
T100072,Dark Voyage 72,Kids,Movie,2022,240,8.1
T100073,Broken Garden 73,Documentary,Movie,2022,44,7.8
T100074,Endless Kingdom 74,Horror,Movie,2022,17,1.7
T100075,Crimson Voyage 75,Sci-Fi,Movie,2015,698,6.3
T100076,Dark Ember 76,Action,Movie,2020,2141,6.6
T100077,Forgotten Voyage 77,Comedy,Series,2023,87,6.3
T100078,Quiet Signal 78,Action,Series,2022,24,7.9
T100079,Hidden Kingdom 79,Horror,Movie,2017,155,7.7
T100080,Endless Echo 80,Comedy,Series,2025,66,1.3
T100081,Lost Ember 81,Thriller,Movie,2015,98,7.7
T100082,Last Signal 82,Sci-Fi,Series,2016,575,2.2
T100083,Silent Echo 83,Action,Movie,2025,228,8.7
T100084,Golden Voyage 84,Romance,Movie,2016,77,8.7
T100085,Quiet Garden 85,Comedy,Series,2021,558,8.2
T100086,Forgotten Signal 86,Drama,Movie,2020,622,7.7
T100087,Silent Harbor 87,Sci-Fi,Series,2025,153,7.7
T100088,Quiet Harbor 88,Drama,Movie,2016,297,8.1
T100089,Last Echo 89,Comedy,Movie,2022,507,8.4
T100090,Rising Horizon 90,Horror,Movie,2023,444,7.2
T100091,Quiet Voyage 91,Action,Movie,2021,259,1.2
T100092,Endless Legacy 92,Reality,Series,2018,1818,1.8
T100093,Lost Signal 93,Reality,Movie,2015,553,7.7
T100094,Dark Shadows 94,Comedy,Series,2018,130,5.8
T100095,Dark Witness 95,Drama,Series,2018,131,8.3
T100096,Silent Horizon 96,Romance,Series,2022,112,8.8
T100097,Rising Harbor 97,Documentary,Movie,2018,593,8.7
T100098,Lost Horizon 98,Drama,Series,2018,102,8.5
T100099,Crimson Kingdom 99,Romance,Movie,2016,135,1.7
T100100,Golden Ember 100,Drama,Movie,2024,1076,1.3
T100101,Broken Garden 101,Horror,Movie,2021,320,6.4
T100102,Rising Legacy 102,Drama,Movie,2018,1310,7.1
T100103,Silent Signal 103,Drama,Movie,2025,748,6.7
T100104,Dark Voyage 104,Comedy,Series,2020,47,7.2
T100105,Rising Harbor 105,Reality,Movie,2017,212,7.3
T100106,Silent Garden 106,Romance,Movie,2021,978,8.3
T100107,Hidden Empire 107,Sci-Fi,Series,2020,44,1.2
T100108,Crimson Harbor 108,Action,Movie,2017,440,7.6
T100109,Crimson Signal 109,Action,Movie,2018,232,1.8
T100110,Endless Witness 110,Comedy,Movie,2024,21,6.8
T100111,Lost Voyage 111,Documentary,Series,2019,289,7.5
T100112,Quiet Kingdom 112,Thriller,Movie,2023,76,7.4
T100113,Golden Ember 113,Romance,Movie,2020,48,6.8
T100114,Hidden Horizon 114,Comedy,Movie,2018,248,6.6
T100115,Endless Witness 115,Kids,Series,2025,16,8.6
T100116,Rising Witness 116,Comedy,Series,2025,95,7.7
T100117,Forgotten Kingdom 117,Reality,Series,2021,8705,1.5
T100118,Crimson Legacy 118,Drama,Movie,2016,608,6.1
T100119,Crimson Witness 119,Documentary,Movie,2018,71,5.9
T100120,Quiet Horizon 120,Action,Movie,2019,1747,6.4
T100121,Crimson Garden 121,Documentary,Movie,2018,61,7.8
T100122,Dark Witness 122,Thriller,Movie,2018,113,7.9
T100123,Quiet Signal 123,Documentary,Movie,2025,49,6.9
T100124,Broken Empire 124,Action,Movie,2023,350,8.4
T100125,Last Echo 125,Sci-Fi,Series,2025,1663,8.2
T100126,Last Echo 126,Romance,Movie,2016,60,8.8
T100127,Crimson Harbor 127,Horror,Series,2020,14,9.3
T100128,Broken Echo 128,Comedy,Movie,2022,1127,1.8
T100129,Golden Harbor 129,Thriller,Movie,2022,2155,7.7
T100130,Hidden Ember 130,Thriller,Movie,2025,15,6.8
T100131,Crimson Signal 131,Action,Movie,2021,466,2.3
T100132,Quiet Harbor 132,Documentary,Movie,2024,336,8.9
T100133,Broken Shadows 133,Action,Movie,2025,81,7.6
T100134,Broken Ember 134,Drama,Series,2018,35,7.8
T100135,Last Legacy 135,Comedy,Series,2021,981,6.2
T100136,Last Ember 136,Drama,Movie,2024,314,5.8
T100137,Broken Signal 137,Romance,Series,2020,349,8.2
T100138,Quiet Signal 138,Romance,Series,2025,102,2.1
T100139,Crimson Voyage 139,Reality,Series,2020,80,8.8
T100140,Lost Empire 140,Romance,Series,2016,10,6.4
T100141,Endless Signal 141,Drama,Movie,2022,178,2.1
T100142,Lost Legacy 142,Horror,Movie,2022,1834,7.7
T100143,Quiet Voyage 143,Horror,Movie,2025,70,1.4
T100144,Golden Harbor 144,Documentary,Movie,2021,29,7.1
T100145,Rising Ember 145,Thriller,Movie,2025,450,7.1
T100146,Broken Horizon 146,Reality,Movie,2023,583,8.2
T100147,Last Legacy 147,Thriller,Series,2022,108,7.1
T100148,Broken Signal 148,Kids,Series,2023,150,7.5
T100149,Endless Ember 149,Drama,Series,2023,354,8.4
T100150,Rising Shadows 150,Comedy,Series,2020,197,6.8
T100151,Lost Witness 151,Documentary,Series,2016,992,7.3
T100152,Rising Empire 152,Thriller,Movie,2021,7422,7.0
T100153,Hidden Empire 153,Sci-Fi,Movie,2017,22,6.0
T100154,Broken Garden 154,Reality,Movie,2021,1369,2.7
T100155,Quiet Ember 155,Action,Series,2023,284,6.9
T100156,Hidden Shadows 156,Drama,Movie,2024,1709,6.2
T100157,Forgotten Harbor 157,Sci-Fi,Series,2024,675,7.8
T100158,Rising Echo 158,Thriller,Movie,2016,267,7.6
T100159,Last Horizon 159,Comedy,Movie,2020,709,2.1
T100160,Dark Echo 160,Documentary,Series,2020,141,7.6
T100161,Hidden Voyage 161,Sci-Fi,Movie,2023,83,1.4
T100162,Lost Voyage 162,Sci-Fi,Movie,2023,761,7.9
T100163,Forgotten Kingdom 163,Documentary,Movie,2019,75,6.2
T100164,Rising Garden 164,Action,Movie,2019,601,7.9
T100165,Crimson Legacy 165,Reality,Series,2023,255,1.1
T100166,Last Garden 166,Romance,Movie,2022,10,8.7
T100167,Dark Garden 167,Action,Movie,2021,109,1.6
T100168,Golden Shadows 168,Comedy,Movie,2022,391,7.5
T100169,Broken Ember 169,Sci-Fi,Series,2020,139,1.6
T100170,Lost Legacy 170,Comedy,Movie,2017,10,8.6
T100171,Last Garden 171,Comedy,Series,2021,1555,7.2
T100172,Golden Garden 172,Thriller,Series,2022,310,6.9
T100173,Broken Echo 173,Comedy,Movie,2022,455,1.7
T100174,Rising Horizon 174,Thriller,Series,2015,126,8.3
T100175,Rising Harbor 175,Drama,Series,2021,515,6.6
T100176,Silent Witness 176,Romance,Movie,2017,3193,7.4
T100177,Rising Witness 177,Comedy,Movie,2016,87,7.3
T100178,Crimson Empire 178,Drama,Series,2016,2525,2.5
T100179,Crimson Kingdom 179,Drama,Series,2022,428,7.0
T100180,Quiet Voyage 180,Kids,Movie,2023,72,8.0
T100181,Rising Witness 181,Horror,Movie,2017,5417,8.3
T100182,Rising Voyage 182,Comedy,Series,2017,423,7.5
T100183,Crimson Signal 183,Sci-Fi,Series,2020,631,7.1
T100184,Lost Voyage 184,Thriller,Series,2025,168,8.4
T100185,Hidden Horizon 185,Reality,Movie,2024,80,1.8
T100186,Last Horizon 186,Action,Series,2015,309,7.6
T100187,Dark Horizon 187,Romance,Movie,2020,2240,7.7
T100188,Hidden Shadows 188,Drama,Movie,2017,159,1.6
T100189,Rising Echo 189,Action,Series,2025,236,7.2
T100190,Quiet Echo 190,Reality,Series,2018,1880,6.7
T100191,Quiet Signal 191,Thriller,Movie,2023,161,8.4
T100192,Last Horizon 192,Comedy,Movie,2017,500,6.7
T100193,Hidden Garden 193,Drama,Series,2015,836,6.7
T100194,Broken Kingdom 194,Romance,Movie,2017,186,9.0
T100195,Broken Empire 195,Romance,Series,2021,378,7.9
T100196,Broken Horizon 196,Action,Series,2021,617,1.7
T100197,Dark Shadows 197,Reality,Movie,2025,140,6.1
T100198,Endless Ember 198,Drama,Series,2019,767,7.3
T100199,Crimson Signal 199,Action,Series,2015,114,7.3
T100200,Forgotten Witness 200,Kids,Series,2025,95,8.3
T100201,Dark Garden 201,Action,Series,2022,29,6.3
T100202,Last Garden 202,Comedy,Series,2024,121,6.3
T100203,Last Echo 203,Thriller,Movie,2022,78,7.5
T100204,Lost Signal 204,Horror,Movie,2024,140,7.7
T100205,Golden Horizon 205,Drama,Series,2024,576,6.1
T100206,Last Witness 206,Kids,Movie,2024,22,7.0
T100207,Dark Ember 207,Sci-Fi,Movie,2016,15,6.5
T100208,Crimson Voyage 208,Comedy,Series,2024,86,8.6
T100209,Silent Horizon 209,Romance,Series,2017,467,1.2
T100210,Endless Harbor 210,Action,Movie,2018,367,6.1
T100211,Crimson Shadows 211,Action,Series,2015,84,6.8
T100212,Broken Kingdom 212,Sci-Fi,Series,2018,1258,1.8
T100213,Hidden Garden 213,Reality,Movie,2019,97,9.0
T100214,Broken Witness 214,Drama,Series,2017,468,7.6
T100215,Hidden Shadows 215,Action,Movie,2025,147,6.5
T100216,Forgotten Voyage 216,Documentary,Movie,2024,73,8.0
T100217,Dark Witness 217,Action,Movie,2016,105,5.7
T100218,Hidden Kingdom 218,Action,Movie,2020,684,1.9
T100219,Lost Witness 219,Drama,Movie,2022,406,7.7
T100220,Lost Voyage 220,Romance,Series,2021,949,9.2
T100221,Dark Echo 221,Documentary,Series,2025,406,5.7
T100222,Forgotten Signal 222,Comedy,Movie,2015,26,8.1
T100223,Golden Garden 223,Sci-Fi,Series,2018,4723,7.5
T100224,Hidden Garden 224,Sci-Fi,Movie,2017,414,7.4
T100225,Lost Kingdom 225,Documentary,Movie,2020,503,9.0
T100226,Dark Garden 226,Action,Series,2023,144,7.0
T100227,Silent Garden 227,Romance,Movie,2023,1163,7.2
T100228,Crimson Witness 228,Comedy,Movie,2021,53,7.4
T100229,Rising Witness 229,Comedy,Series,2023,575,6.7
T100230,Golden Shadows 230,Sci-Fi,Movie,2022,13,1.6
T100231,Broken Empire 231,Drama,Series,2019,631,8.3
T100232,Hidden Voyage 232,Drama,Movie,2023,54,6.9
T100233,Dark Voyage 233,Drama,Movie,2021,361,8.3
T100234,Broken Kingdom 234,Drama,Movie,2019,1636,5.8
T100235,Golden Horizon 235,Drama,Movie,2022,774,7.7
T100236,Dark Garden 236,Reality,Movie,2021,1358,7.4
T100237,Forgotten Echo 237,Comedy,Movie,2023,1175,6.7
T100238,Broken Signal 238,Drama,Series,2024,117,8.5
T100239,Forgotten Ember 239,Comedy,Series,2015,565,1.4
T100240,Crimson Harbor 240,Kids,Movie,2023,22,5.9
T100241,Broken Shadows 241,Thriller,Movie,2021,94,8.8
T100242,Crimson Legacy 242,Action,Movie,2015,1719,1.5
T100243,Quiet Garden 243,Horror,Series,2015,143,7.9
T100244,Forgotten Kingdom 244,Action,Series,2019,18,7.8
T100245,Forgotten Harbor 245,Action,Movie,2022,4102,2.0
T100246,Crimson Kingdom 246,Comedy,Series,2023,538,7.3
T100247,Last Garden 247,Action,Movie,2020,714,9.1
T100248,Rising Witness 248,Action,Movie,2024,62,7.0
T100249,Endless Harbor 249,Romance,Movie,2022,364,7.3
T100250,Hidden Harbor 250,Comedy,Movie,2020,351,7.0
T100251,Forgotten Signal 251,Thriller,Movie,2025,77,1.6
T100252,Hidden Echo 252,Drama,Movie,2020,193,7.5
T100253,Rising Echo 253,Comedy,Series,2018,30,1.5
T100254,Last Shadows 254,Action,Movie,2025,151,6.7
T100255,Crimson Legacy 255,Kids,Movie,2019,957,7.5
T100256,Forgotten Horizon 256,Action,Movie,2016,86,6.3
T100257,Golden Witness 257,Romance,Movie,2017,3534,6.2
T100258,Lost Signal 258,Comedy,Movie,2017,33,6.3
T100259,Crimson Shadows 259,Drama,Movie,2025,170,7.0
T100260,Broken Horizon 260,Drama,Movie,2019,98,7.5
T100261,Last Witness 261,Action,Movie,2019,190,7.3
T100262,Crimson Kingdom 262,Drama,Movie,2020,1669,1.4
T100263,Endless Kingdom 263,Comedy,Movie,2019,62,7.8
T100264,Crimson Kingdom 264,Sci-Fi,Series,2020,130,7.5
T100265,Forgotten Horizon 265,Drama,Series,2022,612,7.1
T100266,Rising Voyage 266,Thriller,Movie,2016,279,7.7
T100267,Rising Shadows 267,Action,Movie,2018,313,6.3
T100268,Crimson Shadows 268,Documentary,Movie,2020,63,1.3
T100269,Lost Witness 269,Thriller,Movie,2019,221,9.3
T100270,Dark Garden 270,Action,Movie,2015,1193,7.8
T100271,Crimson Echo 271,Action,Movie,2023,26,8.2
T100272,Silent Legacy 272,Sci-Fi,Movie,2017,92,6.2
T100273,Last Voyage 273,Horror,Series,2016,19,6.1
T100274,Crimson Harbor 274,Comedy,Movie,2023,519,6.2
T100275,Hidden Empire 275,Drama,Movie,2021,1361,8.5
T100276,Dark Kingdom 276,Kids,Movie,2019,189,7.3
T100277,Forgotten Empire 277,Action,Series,2020,60,8.1
T100278,Silent Witness 278,Thriller,Series,2025,62,6.0
T100279,Endless Witness 279,Action,Movie,2018,161,8.6
T100280,Crimson Empire 280,Drama,Series,2015,161,5.9
T100281,Golden Harbor 281,Thriller,Movie,2018,877,7.4
T100282,Rising Horizon 282,Thriller,Series,2023,96,7.9
T100283,Last Signal 283,Comedy,Series,2015,450,7.5
T100284,Quiet Witness 284,Documentary,Movie,2024,160,8.1
T100285,Lost Echo 285,Sci-Fi,Series,2017,86,1.5
T100286,Hidden Shadows 286,Thriller,Movie,2019,154,6.7
T100287,Rising Signal 287,Drama,Movie,2021,392,6.9
T100288,Last Empire 288,Thriller,Movie,2023,881,8.1
T100289,Forgotten Voyage 289,Romance,Series,2020,172,8.1
T100290,Endless Kingdom 290,Sci-Fi,Movie,2017,45,1.0
T100291,Crimson Echo 291,Thriller,Movie,2021,992,2.0
T100292,Silent Witness 292,Drama,Series,2018,70,8.5
T100293,Dark Garden 293,Romance,Movie,2017,353,8.6
T100294,Broken Empire 294,Romance,Movie,2021,236,1.7
T100295,Golden Ember 295,Drama,Movie,2025,196,7.5
T100296,Forgotten Ember 296,Action,Movie,2025,124,8.7
T100297,Lost Voyage 297,Action,Movie,2021,583,1.2
T100298,Broken Witness 298,Romance,Movie,2018,10,6.9
T100299,Forgotten Harbor 299,Comedy,Series,2021,1201,6.0
T100300,Hidden Garden 300,Thriller,Series,2025,68,8.9
T100301,Last Echo 301,Kids,Movie,2016,433,7.9
T100302,Crimson Witness 302,Sci-Fi,Movie,2015,402,1.5
T100303,Forgotten Witness 303,Kids,Movie,2016,1458,7.6
T100304,Hidden Empire 304,Reality,Series,2018,323,7.2
T100305,Last Legacy 305,Drama,Movie,2022,77,6.7
T100306,Broken Harbor 306,Thriller,Movie,2017,26,1.2
T100307,Golden Legacy 307,Action,Series,2024,150,2.5
T100308,Dark Horizon 308,Horror,Movie,2020,16,8.6
T100309,Golden Voyage 309,Comedy,Movie,2020,102,1.9
T100310,Dark Signal 310,Reality,Series,2023,162,1.4
T100311,Broken Harbor 311,Thriller,Series,2023,93,8.9
T100312,Quiet Signal 312,Sci-Fi,Movie,2018,259,9.0
T100313,Silent Empire 313,Drama,Series,2023,176,9.3
T100314,Lost Harbor 314,Comedy,Movie,2020,155,8.4
T100315,Silent Witness 315,Sci-Fi,Series,2016,10,8.1
T100316,Hidden Ember 316,Drama,Movie,2024,40,8.3
T100317,Golden Harbor 317,Sci-Fi,Series,2025,602,2.0
T100318,Lost Kingdom 318,Drama,Series,2020,754,1.8
T100319,Silent Witness 319,Romance,Series,2016,19,7.2
T100320,Quiet Ember 320,Action,Series,2022,78,8.7
T100321,Broken Kingdom 321,Thriller,Movie,2018,1097,6.6
T100322,Golden Empire 322,Romance,Movie,2019,90,7.8
T100323,Crimson Witness 323,Action,Movie,2022,209,2.5
T100324,Golden Ember 324,Drama,Series,2025,1842,6.6
T100325,Hidden Kingdom 325,Drama,Series,2022,147,7.2
T100326,Dark Kingdom 326,Thriller,Movie,2020,121,1.9
T100327,Rising Ember 327,Thriller,Series,2018,196,6.9
T100328,Broken Kingdom 328,Sci-Fi,Series,2015,3277,7.0
T100329,Last Echo 329,Documentary,Series,2021,457,8.3
T100330,Endless Signal 330,Action,Series,2022,251,6.9
T100331,Quiet Legacy 331,Action,Movie,2023,117,7.4
T100332,Quiet Witness 332,Drama,Movie,2016,520,8.1
T100333,Crimson Echo 333,Action,Movie,2015,616,1.0
T100334,Dark Voyage 334,Reality,Movie,2018,54,7.7
T100335,Lost Echo 335,Horror,Series,2019,640,7.2
T100336,Crimson Witness 336,Action,Series,2024,198,6.8
T100337,Broken Horizon 337,Thriller,Series,2015,253,1.1
T100338,Hidden Legacy 338,Horror,Series,2019,71,9.1
T100339,Broken Horizon 339,Documentary,Movie,2020,140,7.8
T100340,Broken Shadows 340,Drama,Movie,2017,58,8.5
T100341,Golden Shadows 341,Drama,Movie,2021,54,6.9
T100342,Dark Empire 342,Thriller,Movie,2020,415,6.0
T100343,Last Legacy 343,Reality,Movie,2018,149,6.4
T100344,Rising Horizon 344,Romance,Movie,2017,40,7.4
T100345,Quiet Ember 345,Drama,Movie,2019,5156,6.8
T100346,Hidden Voyage 346,Comedy,Movie,2017,51,9.0
T100347,Hidden Voyage 347,Sci-Fi,Series,2024,1129,7.3
T100348,Forgotten Echo 348,Horror,Movie,2023,31,7.1
T100349,Silent Harbor 349,Thriller,Movie,2023,464,7.0
T100350,Rising Echo 350,Romance,Movie,2020,172,7.8
T100351,Endless Kingdom 351,Drama,Series,2025,101,6.3
T100352,Dark Horizon 352,Horror,Movie,2020,322,8.0
T100353,Quiet Signal 353,Sci-Fi,Movie,2018,267,7.8
T100354,Crimson Kingdom 354,Comedy,Series,2018,78,1.2
T100355,Last Echo 355,Romance,Movie,2016,74,7.8
T100356,Endless Voyage 356,Comedy,Series,2024,27,7.0
T100357,Forgotten Legacy 357,Drama,Movie,2018,375,8.1
T100358,Quiet Echo 358,Comedy,Movie,2022,42,6.3
T100359,Broken Empire 359,Comedy,Movie,2024,246,6.7
T100360,Crimson Shadows 360,Action,Series,2016,561,7.8
T100361,Hidden Signal 361,Action,Movie,2023,327,7.2
T100362,Lost Shadows 362,Documentary,Movie,2015,89,8.2
T100363,Lost Signal 363,Documentary,Movie,2016,873,8.5
T100364,Rising Garden 364,Comedy,Movie,2016,138,8.6
T100365,Dark Signal 365,Drama,Movie,2025,38,8.4
T100366,Quiet Harbor 366,Thriller,Series,2020,164,6.8
T100367,Quiet Witness 367,Action,Series,2021,556,7.8
T100368,Last Voyage 368,Action,Movie,2017,95,5.8
T100369,Golden Echo 369,Horror,Movie,2025,837,6.1
T100370,Hidden Kingdom 370,Sci-Fi,Series,2023,83,7.7
T100371,Golden Kingdom 371,Horror,Movie,2019,101,7.6
T100372,Endless Ember 372,Documentary,Movie,2019,57,1.8
T100373,Quiet Ember 373,Drama,Movie,2025,637,8.6
T100374,Last Echo 374,Romance,Series,2018,227,7.9
T100375,Rising Ember 375,Comedy,Series,2023,62,6.4
T100376,Lost Echo 376,Documentary,Series,2022,141,7.1
T100377,Rising Signal 377,Drama,Movie,2018,10,7.6
T100378,Dark Legacy 378,Horror,Movie,2018,727,7.9
T100379,Endless Voyage 379,Drama,Series,2016,193,6.4
T100380,Lost Horizon 380,Kids,Movie,2023,10,6.9
T100381,Lost Shadows 381,Horror,Series,2017,32,5.9
T100382,Golden Garden 382,Documentary,Series,2018,136,8.8
T100383,Quiet Horizon 383,Sci-Fi,Movie,2021,39,6.5
T100384,Endless Echo 384,Thriller,Series,2024,743,1.9
T100385,Crimson Legacy 385,Sci-Fi,Movie,2022,440,8.8
T100386,Crimson Voyage 386,Documentary,Series,2022,405,2.6
T100387,Broken Witness 387,Sci-Fi,Movie,2018,10,1.6
T100388,Lost Witness 388,Documentary,Movie,2021,117,9.0
T100389,Quiet Witness 389,Kids,Series,2024,92,7.3
T100390,Crimson Empire 390,Documentary,Series,2015,64,6.3
T100391,Hidden Voyage 391,Documentary,Movie,2020,137,8.7
T100392,Rising Empire 392,Sci-Fi,Movie,2020,51,6.5
T100393,Quiet Empire 393,Horror,Movie,2020,331,2.2
T100394,Golden Shadows 394,Thriller,Movie,2016,716,7.0
T100395,Hidden Echo 395,Comedy,Movie,2022,634,6.8
T100396,Silent Witness 396,Documentary,Movie,2019,202,7.4
T100397,Lost Kingdom 397,Reality,Movie,2019,4020,7.1
T100398,Golden Ember 398,Sci-Fi,Movie,2016,1207,5.8
T100399,Crimson Garden 399,Sci-Fi,Movie,2018,212,8.8
T100400,Quiet Shadows 400,Drama,Movie,2023,125,6.2
T100401,Crimson Ember 401,Documentary,Movie,2023,1593,8.1
T100402,Forgotten Kingdom 402,Romance,Series,2020,1003,8.6
T100403,Hidden Signal 403,Horror,Movie,2025,34,8.0
T100404,Hidden Kingdom 404,Drama,Series,2023,1119,8.7
T100405,Last Ember 405,Horror,Series,2018,197,5.8
T100406,Golden Signal 406,Thriller,Series,2025,73,6.8
T100407,Dark Witness 407,Comedy,Series,2015,15,7.8
T100408,Broken Shadows 408,Action,Series,2016,168,7.3
T100409,Forgotten Witness 409,Comedy,Movie,2015,241,7.1
T100410,Dark Empire 410,Thriller,Movie,2022,2258,1.8
T100411,Lost Garden 411,Drama,Series,2023,935,5.9
T100412,Lost Ember 412,Drama,Movie,2024,108,5.9
T100413,Last Legacy 413,Sci-Fi,Series,2020,422,7.8
T100414,Last Harbor 414,Drama,Movie,2016,778,8.1
T100415,Silent Empire 415,Comedy,Series,2020,276,8.2
T100416,Last Voyage 416,Documentary,Movie,2023,108,7.0
T100417,Rising Harbor 417,Thriller,Movie,2017,116,7.4
T100418,Dark Empire 418,Sci-Fi,Movie,2023,420,7.7
T100419,Dark Echo 419,Documentary,Series,2016,436,7.7
T100420,Silent Signal 420,Sci-Fi,Series,2025,162,7.6
T100421,Endless Witness 421,Thriller,Movie,2019,10,7.8
T100422,Broken Horizon 422,Drama,Series,2025,40,8.2
T100423,Rising Empire 423,Drama,Movie,2016,583,1.1
T100424,Lost Horizon 424,Documentary,Movie,2021,12,8.7
T100425,Forgotten Ember 425,Action,Movie,2025,1284,8.5
T100426,Lost Legacy 426,Sci-Fi,Movie,2024,1044,9.2
T100427,Dark Harbor 427,Thriller,Movie,2023,259,8.2
T100428,Silent Empire 428,Action,Movie,2021,565,6.4
T100429,Endless Signal 429,Comedy,Series,2019,513,9.0
T100430,Quiet Empire 430,Comedy,Series,2018,208,6.4
T100431,Quiet Kingdom 431,Thriller,Movie,2018,36,1.4
T100432,Quiet Signal 432,Action,Movie,2024,948,6.4
T100433,Golden Signal 433,Thriller,Movie,2022,1755,6.0
T100434,Silent Ember 434,Comedy,Movie,2024,45,8.9
T100435,Forgotten Horizon 435,Romance,Movie,2024,34,7.4
T100436,Crimson Legacy 436,Horror,Movie,2024,202,7.1
T100437,Broken Garden 437,Comedy,Series,2024,102,6.5
T100438,Silent Signal 438,Documentary,Series,2024,300,6.6
T100439,Lost Horizon 439,Reality,Movie,2015,1328,8.8
T100440,Lost Garden 440,Action,Movie,2019,11,8.3
T100441,Hidden Echo 441,Thriller,Movie,2016,2239,9.1
T100442,Silent Echo 442,Drama,Series,2025,138,1.1
T100443,Hidden Voyage 443,Thriller,Movie,2023,501,6.9
T100444,Endless Echo 444,Drama,Movie,2021,582,7.9
T100445,Rising Legacy 445,Reality,Series,2024,685,2.1
T100446,Crimson Witness 446,Romance,Movie,2022,267,8.7
T100447,Quiet Empire 447,Sci-Fi,Movie,2020,370,7.0
T100448,Broken Signal 448,Romance,Movie,2023,367,7.4
T100449,Dark Witness 449,Thriller,Movie,2020,101,1.3
T100450,Broken Legacy 450,Documentary,Movie,2021,21,1.7
T100451,Lost Garden 451,Horror,Movie,2021,44,8.7
T100452,Silent Witness 452,Reality,Movie,2023,211,6.5
T100453,Golden Empire 453,Documentary,Movie,2025,81,9.2
T100454,Forgotten Garden 454,Kids,Series,2022,82,1.5
T100455,Dark Harbor 455,Thriller,Movie,2015,3038,5.8
T100456,Broken Signal 456,Thriller,Movie,2018,814,6.6
T100457,Hidden Harbor 457,Documentary,Series,2021,172,6.1
T100458,Last Empire 458,Comedy,Series,2025,627,6.5
T100459,Quiet Harbor 459,Drama,Series,2022,136,7.4
T100460,Dark Legacy 460,Comedy,Movie,2021,286,1.5
T100461,Silent Witness 461,Documentary,Movie,2017,454,9.3
T100462,Crimson Signal 462,Action,Series,2018,136,8.5
T100463,Silent Harbor 463,Documentary,Series,2021,94,8.2
T100464,Broken Witness 464,Reality,Movie,2022,1358,8.3
T100465,Lost Harbor 465,Action,Series,2021,578,1.7
T100466,Golden Voyage 466,Documentary,Movie,2020,10,8.0
T100467,Broken Witness 467,Drama,Series,2023,96,8.3
T100468,Quiet Legacy 468,Drama,Series,2023,82,7.1
T100469,Lost Empire 469,Sci-Fi,Series,2025,103,7.6
T100470,Crimson Horizon 470,Thriller,Series,2021,818,8.1
T100471,Rising Harbor 471,Sci-Fi,Series,2022,251,6.8
T100472,Crimson Voyage 472,Drama,Movie,2020,35,6.2
T100473,Hidden Signal 473,Thriller,Movie,2015,143,8.1
T100474,Dark Signal 474,Comedy,Movie,2015,522,8.5
T100475,Lost Garden 475,Comedy,Movie,2020,180,6.6
T100476,Lost Empire 476,Drama,Series,2016,99,7.6
T100477,Hidden Garden 477,Drama,Movie,2022,389,1.2
T100478,Golden Legacy 478,Action,Movie,2015,2358,7.3
T100479,Broken Echo 479,Drama,Movie,2016,467,6.2
T100480,Golden Shadows 480,Reality,Series,2022,1512,7.5
T100481,Forgotten Shadows 481,Action,Movie,2020,109,6.6
T100482,Last Legacy 482,Drama,Movie,2024,242,9.2
T100483,Endless Ember 483,Comedy,Movie,2016,235,9.1
T100484,Endless Harbor 484,Thriller,Series,2016,289,6.3
T100485,Hidden Legacy 485,Drama,Movie,2025,453,6.1
T100486,Quiet Harbor 486,Horror,Series,2021,68,7.8
T100487,Last Signal 487,Reality,Movie,2019,606,7.5
T100488,Lost Ember 488,Comedy,Movie,2019,25,8.7
T100489,Hidden Voyage 489,Documentary,Series,2022,38,1.8
T100490,Crimson Harbor 490,Drama,Movie,2021,4865,7.4
T100491,Golden Shadows 491,Romance,Movie,2023,120,6.8
T100492,Hidden Voyage 492,Action,Movie,2018,679,8.0
T100493,Hidden Legacy 493,Comedy,Movie,2024,2638,6.7
T100494,Quiet Empire 494,Comedy,Movie,2018,10,8.2
T100495,Broken Horizon 495,Romance,Movie,2016,1184,6.1
T100496,Last Voyage 496,Action,Movie,2017,607,5.6
T100497,Last Shadows 497,Comedy,Movie,2015,2432,8.9
T100498,Endless Legacy 498,Romance,Series,2015,47,8.0
T100499,Silent Echo 499,Thriller,Series,2021,1866,1.3
T100500,Quiet Legacy 500,Horror,Movie,2019,87,1.1
T100501,Hidden Witness 501,Drama,Movie,2017,1071,1.9
T100502,Dark Witness 502,Sci-Fi,Movie,2021,233,7.7
T100503,Broken Legacy 503,Romance,Movie,2016,720,7.8
T100504,Lost Witness 504,Drama,Movie,2017,262,5.8
T100505,Rising Legacy 505,Romance,Movie,2015,19,6.5
T100506,Lost Harbor 506,Documentary,Movie,2022,10,8.7
T100507,Forgotten Signal 507,Kids,Movie,2016,328,7.9
T100508,Hidden Echo 508,Drama,Movie,2021,169,6.1
T100509,Endless Shadows 509,Romance,Series,2025,427,6.3
T100510,Endless Empire 510,Action,Movie,2023,172,7.4
T100511,Lost Witness 511,Reality,Series,2020,4127,7.4
T100512,Endless Horizon 512,Action,Series,2016,338,8.4
T100513,Last Empire 513,Reality,Movie,2016,131,1.4
T100514,Forgotten Witness 514,Kids,Movie,2023,392,8.7
T100515,Dark Legacy 515,Comedy,Movie,2024,134,6.2
T100516,Last Horizon 516,Sci-Fi,Movie,2022,279,7.0
T100517,Broken Empire 517,Reality,Movie,2023,45,6.8
T100518,Endless Echo 518,Comedy,Series,2018,242,7.1
T100519,Golden Garden 519,Documentary,Movie,2018,125,2.0
T100520,Golden Harbor 520,Thriller,Movie,2016,51,8.2
T100521,Hidden Garden 521,Action,Series,2024,3889,1.5
T100522,Crimson Shadows 522,Drama,Series,2015,54,7.2
T100523,Hidden Legacy 523,Comedy,Movie,2024,247,2.6
T100524,Last Signal 524,Comedy,Series,2018,80,8.5
T100525,Crimson Garden 525,Documentary,Movie,2024,371,8.2
T100526,Broken Echo 526,Comedy,Movie,2024,41,8.2
T100527,Silent Ember 527,Horror,Movie,2025,794,1.5
T100528,Golden Shadows 528,Romance,Movie,2022,4233,8.2
T100529,Crimson Shadows 529,Drama,Series,2016,76,6.6
T100530,Last Shadows 530,Romance,Movie,2025,1344,1.3
T100531,Golden Horizon 531,Romance,Movie,2022,143,6.8
T100532,Forgotten Legacy 532,Reality,Movie,2015,2014,8.5
T100533,Quiet Witness 533,Drama,Movie,2015,5239,7.8
T100534,Golden Empire 534,Comedy,Movie,2018,176,6.6
T100535,Lost Echo 535,Kids,Movie,2021,29,1.2
T100536,Broken Kingdom 536,Kids,Series,2023,923,7.9
T100537,Silent Shadows 537,Romance,Movie,2019,335,7.9
T100538,Lost Witness 538,Sci-Fi,Movie,2016,494,1.7
T100539,Golden Legacy 539,Drama,Movie,2021,152,8.1
T100540,Lost Ember 540,Thriller,Movie,2025,71,6.7
T100541,Hidden Garden 541,Comedy,Movie,2016,1242,8.0
T100542,Forgotten Garden 542,Comedy,Series,2023,383,1.8
T100543,Lost Witness 543,Sci-Fi,Series,2023,32,9.1
T100544,Golden Witness 544,Drama,Movie,2017,640,8.9
T100545,Silent Harbor 545,Documentary,Movie,2022,483,5.9
T100546,Last Shadows 546,Kids,Series,2025,155,7.3
T100547,Crimson Legacy 547,Comedy,Movie,2018,2363,8.3
T100548,Silent Legacy 548,Reality,Movie,2017,103,7.1
T100549,Silent Kingdom 549,Reality,Movie,2015,193,6.4
T100550,Golden Legacy 550,Thriller,Series,2019,718,2.0
T100551,Last Garden 551,Comedy,Movie,2025,272,6.1
T100552,Dark Kingdom 552,Action,Series,2018,35,8.1
T100553,Lost Kingdom 553,Action,Series,2015,316,7.0
T100554,Golden Echo 554,Action,Movie,2024,137,6.5
T100555,Quiet Shadows 555,Comedy,Series,2022,812,7.7
T100556,Crimson Ember 556,Reality,Series,2022,302,8.1
T100557,Last Horizon 557,Drama,Movie,2022,279,7.2
T100558,Silent Echo 558,Sci-Fi,Movie,2017,56,7.6
T100559,Golden Kingdom 559,Drama,Movie,2020,177,6.5
T100560,Quiet Legacy 560,Thriller,Movie,2021,952,6.4
T100561,Crimson Horizon 561,Kids,Movie,2023,83,6.8
T100562,Broken Legacy 562,Comedy,Movie,2019,234,7.3
T100563,Broken Kingdom 563,Comedy,Movie,2023,66,7.8
T100564,Silent Shadows 564,Romance,Series,2020,47,7.2
T100565,Lost Witness 565,Romance,Movie,2024,217,8.7
T100566,Endless Echo 566,Romance,Movie,2024,312,2.1
T100567,Dark Garden 567,Action,Movie,2024,3989,8.2
T100568,Broken Harbor 568,Comedy,Movie,2018,129,6.1
T100569,Lost Legacy 569,Reality,Movie,2015,228,6.9
T100570,Dark Witness 570,Kids,Movie,2015,43,7.9
T100571,Rising Kingdom 571,Documentary,Movie,2024,577,8.0
T100572,Forgotten Ember 572,Horror,Series,2019,427,1.4
T100573,Last Voyage 573,Documentary,Series,2017,1966,6.8
T100574,Forgotten Empire 574,Action,Movie,2019,1160,6.9
T100575,Hidden Horizon 575,Drama,Series,2019,400,8.2
T100576,Silent Garden 576,Action,Series,2015,127,8.7
T100577,Quiet Garden 577,Thriller,Movie,2022,326,6.6
T100578,Golden Witness 578,Drama,Series,2019,209,8.1
T100579,Quiet Echo 579,Documentary,Series,2019,930,1.2
T100580,Broken Ember 580,Sci-Fi,Movie,2023,778,7.7
T100581,Silent Voyage 581,Romance,Movie,2022,162,8.5
T100582,Broken Kingdom 582,Romance,Movie,2015,32,7.0
T100583,Hidden Shadows 583,Kids,Movie,2017,1582,6.9
T100584,Hidden Horizon 584,Drama,Series,2021,553,8.1
T100585,Crimson Witness 585,Thriller,Movie,2015,156,2.2
T100586,Rising Voyage 586,Sci-Fi,Series,2015,523,8.5
T100587,Quiet Ember 587,Thriller,Series,2019,272,1.4
T100588,Golden Garden 588,Action,Series,2023,1550,2.0
T100589,Lost Garden 589,Drama,Series,2020,16,1.1
T100590,Lost Empire 590,Horror,Movie,2024,140,8.8
T100591,Golden Signal 591,Documentary,Movie,2016,2295,8.3
T100592,Last Ember 592,Horror,Series,2025,538,7.7
T100593,Crimson Garden 593,Thriller,Movie,2023,2927,7.8
T100594,Lost Harbor 594,Romance,Movie,2020,44,7.1
T100595,Golden Signal 595,Sci-Fi,Series,2019,1098,7.3
T100596,Hidden Horizon 596,Romance,Series,2019,1009,6.7
T100597,Golden Empire 597,Action,Movie,2017,23,8.3
T100598,Hidden Empire 598,Thriller,Series,2020,162,8.2
T100599,Forgotten Legacy 599,Sci-Fi,Series,2018,211,6.5
T100600,Rising Voyage 600,Action,Movie,2024,25,2.1
T100601,Quiet Witness 601,Action,Movie,2016,167,1.9
T100602,Broken Harbor 602,Drama,Series,2017,831,6.4
T100603,Endless Horizon 603,Kids,Movie,2023,142,7.5
T100604,Dark Kingdom 604,Drama,Movie,2025,343,1.9
T100605,Endless Echo 605,Romance,Movie,2025,347,1.5
T100606,Hidden Shadows 606,Action,Series,2023,241,8.3
T100607,Quiet Legacy 607,Action,Movie,2020,91,8.6
T100608,Endless Ember 608,Romance,Movie,2024,615,8.7
T100609,Silent Shadows 609,Drama,Movie,2024,27,7.9
T100610,Dark Voyage 610,Thriller,Series,2023,248,8.0
T100611,Rising Empire 611,Sci-Fi,Movie,2018,1702,6.7
T100612,Golden Voyage 612,Horror,Movie,2025,131,7.2
T100613,Last Harbor 613,Comedy,Series,2019,88,2.4
T100614,Golden Horizon 614,Kids,Movie,2024,676,7.8
T100615,Broken Witness 615,Romance,Series,2020,308,8.1
T100616,Quiet Echo 616,Horror,Series,2023,695,6.8
T100617,Silent Kingdom 617,Documentary,Series,2019,258,1.5
T100618,Silent Witness 618,Thriller,Movie,2022,10,7.9
T100619,Silent Empire 619,Kids,Series,2025,1277,6.5
T100620,Lost Echo 620,Kids,Series,2015,4438,6.3
T100621,Last Shadows 621,Documentary,Series,2019,1477,8.3
T100622,Lost Ember 622,Comedy,Movie,2024,10,7.9
T100623,Lost Shadows 623,Action,Series,2015,460,8.2
T100624,Rising Empire 624,Action,Movie,2024,127,8.0
T100625,Dark Kingdom 625,Comedy,Movie,2020,54,9.1
T100626,Hidden Witness 626,Comedy,Movie,2021,291,7.6
T100627,Endless Kingdom 627,Horror,Series,2019,199,7.8
T100628,Crimson Signal 628,Drama,Movie,2015,499,9.0
T100629,Golden Horizon 629,Romance,Movie,2020,265,1.1
T100630,Endless Signal 630,Comedy,Series,2024,51,6.4
T100631,Broken Voyage 631,Action,Movie,2019,109,7.1
T100632,Endless Kingdom 632,Drama,Series,2020,87,8.5
T100633,Last Shadows 633,Comedy,Movie,2025,22,1.7
T100634,Rising Witness 634,Sci-Fi,Movie,2024,36,1.5
T100635,Lost Garden 635,Horror,Series,2021,182,7.2
T100636,Crimson Shadows 636,Comedy,Series,2021,1796,8.6
T100637,Endless Garden 637,Documentary,Movie,2016,116,6.3
T100638,Golden Legacy 638,Documentary,Series,2017,85,1.6
T100639,Rising Voyage 639,Horror,Movie,2020,47,6.6
T100640,Quiet Shadows 640,Sci-Fi,Movie,2017,255,1.4
T100641,Rising Witness 641,Thriller,Movie,2016,1275,6.8
T100642,Quiet Garden 642,Romance,Movie,2018,4039,6.0
T100643,Last Empire 643,Horror,Movie,2019,365,1.2
T100644,Last Harbor 644,Drama,Movie,2025,298,7.9
T100645,Dark Empire 645,Action,Movie,2024,114,7.7
T100646,Last Empire 646,Kids,Movie,2023,144,8.2
T100647,Broken Harbor 647,Sci-Fi,Movie,2017,590,8.8
T100648,Broken Horizon 648,Thriller,Movie,2017,157,7.4
T100649,Hidden Ember 649,Thriller,Series,2020,195,8.8
T100650,Endless Empire 650,Action,Series,2019,236,6.4
T100651,Last Echo 651,Thriller,Movie,2020,107,7.6
T100652,Crimson Empire 652,Romance,Series,2021,220,7.1
T100653,Dark Shadows 653,Action,Series,2025,14,7.7
T100654,Crimson Legacy 654,Romance,Movie,2017,528,7.9
T100655,Silent Voyage 655,Horror,Movie,2019,6585,8.2
T100656,Dark Legacy 656,Drama,Series,2022,113,6.8
T100657,Golden Shadows 657,Documentary,Movie,2018,413,6.9
T100658,Forgotten Shadows 658,Action,Series,2024,806,6.6
T100659,Endless Horizon 659,Romance,Series,2016,1469,6.7
T100660,Crimson Echo 660,Comedy,Series,2018,169,7.8
T100661,Forgotten Shadows 661,Romance,Series,2016,20,7.5
T100662,Last Echo 662,Horror,Movie,2017,356,7.0
T100663,Rising Horizon 663,Action,Movie,2018,293,8.1
T100664,Lost Legacy 664,Kids,Series,2018,151,7.9
T100665,Dark Echo 665,Reality,Movie,2024,203,8.6
T100666,Golden Empire 666,Drama,Series,2023,299,7.7
T100667,Crimson Ember 667,Comedy,Series,2024,406,1.6
T100668,Forgotten Shadows 668,Reality,Series,2020,383,6.8
T100669,Silent Signal 669,Reality,Movie,2023,180,8.9
T100670,Endless Signal 670,Drama,Movie,2018,419,1.3
T100671,Endless Horizon 671,Drama,Movie,2023,164,8.2
T100672,Golden Kingdom 672,Comedy,Movie,2025,601,6.3
T100673,Crimson Voyage 673,Reality,Series,2023,102,6.0
T100674,Lost Legacy 674,Comedy,Series,2020,271,7.7
T100675,Lost Witness 675,Documentary,Series,2019,25,1.3
T100676,Golden Horizon 676,Horror,Movie,2017,146,6.0
T100677,Crimson Garden 677,Drama,Movie,2019,542,8.1
T100678,Dark Voyage 678,Thriller,Series,2017,58,7.8
T100679,Quiet Voyage 679,Comedy,Movie,2019,156,8.0
T100680,Silent Horizon 680,Horror,Movie,2019,10,2.4
T100681,Dark Signal 681,Comedy,Series,2016,36,7.6
T100682,Last Harbor 682,Romance,Series,2023,52,6.7
T100683,Endless Witness 683,Romance,Movie,2021,282,7.3
T100684,Lost Horizon 684,Comedy,Series,2020,390,2.2
T100685,Golden Shadows 685,Drama,Movie,2019,226,6.1
T100686,Hidden Witness 686,Action,Series,2018,143,7.3
T100687,Dark Legacy 687,Comedy,Movie,2022,144,1.2
T100688,Quiet Legacy 688,Sci-Fi,Movie,2016,667,7.5
T100689,Lost Ember 689,Sci-Fi,Series,2022,330,2.1
T100690,Quiet Shadows 690,Documentary,Movie,2015,153,8.5
T100691,Golden Horizon 691,Thriller,Series,2024,1496,6.3
T100692,Rising Harbor 692,Thriller,Series,2015,3752,8.3
T100693,Silent Kingdom 693,Horror,Series,2017,43,7.4
T100694,Last Horizon 694,Action,Series,2019,509,7.2
T100695,Silent Signal 695,Comedy,Movie,2020,18506,8.0
T100696,Last Ember 696,Comedy,Series,2018,362,6.6
T100697,Endless Signal 697,Thriller,Movie,2021,288,7.5
T100698,Endless Garden 698,Documentary,Movie,2021,226,7.6
T100699,Lost Shadows 699,Documentary,Series,2016,486,7.5
T100700,Forgotten Signal 700,Drama,Movie,2016,704,6.6
T100701,Rising Witness 701,Romance,Movie,2016,43,7.2
T100702,Lost Garden 702,Comedy,Movie,2016,236,9.3
T100703,Silent Witness 703,Comedy,Series,2023,10,8.4
T100704,Quiet Signal 704,Action,Series,2019,183,7.1
T100705,Dark Echo 705,Comedy,Movie,2025,69,7.9
T100706,Dark Signal 706,Thriller,Movie,2022,393,8.0
T100707,Lost Legacy 707,Action,Series,2019,24,7.9
T100708,Last Kingdom 708,Documentary,Movie,2025,119,1.2
T100709,Endless Garden 709,Thriller,Movie,2019,947,8.3
T100710,Crimson Witness 710,Comedy,Movie,2015,95,7.6
T100711,Endless Kingdom 711,Drama,Movie,2020,17,8.9
T100712,Lost Signal 712,Horror,Movie,2018,351,8.2
T100713,Crimson Empire 713,Documentary,Series,2017,108,1.1
T100714,Hidden Harbor 714,Action,Movie,2020,189,6.2
T100715,Golden Shadows 715,Drama,Series,2016,88,7.9
T100716,Lost Harbor 716,Documentary,Series,2022,3882,9.4
T100717,Rising Signal 717,Thriller,Series,2015,28,8.2
T100718,Golden Empire 718,Thriller,Movie,2023,12925,9.0
T100719,Last Signal 719,Romance,Movie,2022,142,2.0
T100720,Broken Kingdom 720,Comedy,Movie,2015,316,8.0
T100721,Lost Witness 721,Comedy,Series,2024,109,6.9
T100722,Rising Ember 722,Sci-Fi,Movie,2023,103,7.2
T100723,Forgotten Kingdom 723,Kids,Movie,2016,82,8.8
T100724,Golden Echo 724,Drama,Movie,2017,568,7.8
T100725,Rising Echo 725,Documentary,Movie,2016,34,7.5
T100726,Forgotten Voyage 726,Comedy,Movie,2022,407,9.1
T100727,Last Voyage 727,Drama,Movie,2016,11,7.3
T100728,Rising Horizon 728,Action,Movie,2024,359,7.8
T100729,Endless Shadows 729,Drama,Movie,2016,803,7.5
T100730,Rising Echo 730,Romance,Movie,2015,41,8.6
T100731,Dark Legacy 731,Thriller,Series,2021,633,6.9
T100732,Dark Ember 732,Drama,Movie,2016,263,6.2
T100733,Quiet Horizon 733,Drama,Movie,2024,2293,6.8
T100734,Lost Echo 734,Sci-Fi,Movie,2019,74,8.1
T100735,Broken Legacy 735,Comedy,Movie,2019,12612,6.8
T100736,Quiet Signal 736,Thriller,Series,2017,10,6.7
T100737,Forgotten Empire 737,Action,Movie,2017,154,2.5
T100738,Dark Legacy 738,Thriller,Series,2017,23,7.4
T100739,Rising Kingdom 739,Action,Series,2020,3267,8.3
T100740,Crimson Harbor 740,Drama,Series,2018,170,1.4
T100741,Forgotten Ember 741,Comedy,Movie,2017,192,7.6
T100742,Lost Witness 742,Comedy,Movie,2016,455,2.1
T100743,Lost Kingdom 743,Action,Series,2017,243,8.7
T100744,Dark Witness 744,Romance,Movie,2018,107,2.1
T100745,Hidden Shadows 745,Comedy,Series,2020,42,7.2
T100746,Crimson Witness 746,Drama,Series,2018,310,7.2
T100747,Hidden Horizon 747,Thriller,Series,2022,416,7.9
T100748,Dark Voyage 748,Thriller,Movie,2017,648,7.5
T100749,Endless Kingdom 749,Reality,Series,2017,3561,7.5
T100750,Dark Legacy 750,Thriller,Series,2017,12,8.7
T100751,Forgotten Garden 751,Documentary,Series,2022,223,8.9
T100752,Last Signal 752,Thriller,Movie,2018,1298,7.8
T100753,Dark Kingdom 753,Kids,Movie,2015,206,8.1
T100754,Dark Kingdom 754,Horror,Movie,2016,10,5.7
T100755,Last Shadows 755,Action,Movie,2024,40,8.0
T100756,Quiet Horizon 756,Comedy,Movie,2016,388,7.9
T100757,Crimson Echo 757,Comedy,Series,2017,368,8.2
T100758,Quiet Kingdom 758,Documentary,Movie,2020,627,7.9
T100759,Forgotten Legacy 759,Sci-Fi,Series,2022,82,7.1
T100760,Last Harbor 760,Documentary,Movie,2015,352,9.3
T100761,Golden Garden 761,Drama,Movie,2023,65,6.6
T100762,Rising Shadows 762,Romance,Movie,2015,352,7.2
T100763,Golden Horizon 763,Sci-Fi,Movie,2024,264,1.6
T100764,Hidden Shadows 764,Comedy,Series,2016,78,1.2
T100765,Lost Witness 765,Romance,Movie,2017,2168,5.7
T100766,Lost Shadows 766,Action,Series,2021,22,8.5
T100767,Last Harbor 767,Horror,Movie,2023,201,8.6
T100768,Dark Witness 768,Horror,Series,2017,75,8.1
T100769,Crimson Harbor 769,Thriller,Movie,2022,3190,1.9
T100770,Last Voyage 770,Romance,Movie,2023,566,7.2
T100771,Endless Ember 771,Horror,Movie,2024,99,2.5
T100772,Golden Shadows 772,Documentary,Movie,2021,165,6.2
T100773,Silent Empire 773,Action,Movie,2018,3314,7.4
T100774,Dark Shadows 774,Sci-Fi,Series,2018,65,7.0
T100775,Dark Kingdom 775,Comedy,Series,2018,21,2.4
T100776,Quiet Legacy 776,Action,Series,2020,368,7.3
T100777,Hidden Garden 777,Horror,Movie,2018,380,9.0
T100778,Lost Ember 778,Romance,Movie,2019,622,1.5
T100779,Rising Kingdom 779,Action,Movie,2023,627,6.6
T100780,Dark Empire 780,Comedy,Series,2021,2919,8.1
T100781,Lost Legacy 781,Action,Series,2022,22,8.6
T100782,Crimson Kingdom 782,Comedy,Series,2019,45,8.7
T100783,Golden Ember 783,Comedy,Series,2019,618,7.7
T100784,Last Empire 784,Sci-Fi,Movie,2025,52,6.6
T100785,Last Kingdom 785,Comedy,Movie,2021,32,1.9
T100786,Broken Voyage 786,Documentary,Movie,2025,3335,8.1
T100787,Quiet Kingdom 787,Action,Movie,2022,25,7.0
T100788,Rising Kingdom 788,Reality,Movie,2023,150,1.9
T100789,Lost Shadows 789,Action,Movie,2016,225,1.5
T100790,Silent Ember 790,Drama,Series,2017,1530,2.6
T100791,Quiet Horizon 791,Drama,Series,2016,18,8.0
T100792,Golden Ember 792,Thriller,Series,2024,438,7.1
T100793,Golden Garden 793,Thriller,Series,2021,70,6.8
T100794,Crimson Horizon 794,Action,Movie,2016,589,6.4
T100795,Dark Signal 795,Documentary,Movie,2016,69,1.8
T100796,Quiet Legacy 796,Drama,Series,2016,2211,6.9
T100797,Crimson Signal 797,Thriller,Movie,2018,69,6.8
T100798,Dark Empire 798,Documentary,Movie,2015,10,8.3
T100799,Crimson Empire 799,Drama,Movie,2016,81,2.0
T100800,Forgotten Ember 800,Drama,Movie,2017,170,9.1
T100801,Forgotten Kingdom 801,Drama,Movie,2021,1114,1.3
T100802,Quiet Witness 802,Drama,Movie,2024,42,8.3
T100803,Golden Harbor 803,Thriller,Movie,2015,43,7.2
T100804,Forgotten Witness 804,Comedy,Series,2020,939,1.3
T100805,Rising Voyage 805,Comedy,Movie,2017,36,7.9
T100806,Silent Ember 806,Comedy,Movie,2017,190,7.5
T100807,Dark Shadows 807,Reality,Movie,2018,196,1.5
T100808,Last Legacy 808,Horror,Movie,2018,332,8.5
T100809,Hidden Ember 809,Comedy,Series,2021,86,7.6
T100810,Dark Ember 810,Action,Series,2017,67,7.5
T100811,Rising Harbor 811,Comedy,Series,2022,391,7.3
T100812,Golden Ember 812,Documentary,Movie,2022,70,6.2
T100813,Forgotten Harbor 813,Drama,Movie,2025,36,8.2
T100814,Rising Harbor 814,Romance,Movie,2021,1365,1.7
T100815,Last Witness 815,Thriller,Movie,2016,485,7.0
T100816,Broken Legacy 816,Kids,Movie,2019,2906,5.9
T100817,Golden Legacy 817,Comedy,Movie,2020,733,7.5
T100818,Last Harbor 818,Sci-Fi,Movie,2024,41,8.8
T100819,Broken Legacy 819,Sci-Fi,Series,2018,280,8.5
T100820,Rising Kingdom 820,Drama,Movie,2024,59,6.8
T100821,Broken Horizon 821,Action,Series,2019,24,7.8
T100822,Lost Witness 822,Comedy,Movie,2023,131,6.7
T100823,Silent Signal 823,Comedy,Movie,2025,967,8.0
T100824,Dark Empire 824,Comedy,Series,2021,360,8.8
T100825,Golden Witness 825,Thriller,Series,2016,35,8.5
T100826,Endless Echo 826,Action,Movie,2025,125,8.1
T100827,Endless Echo 827,Kids,Movie,2015,200,8.1
T100828,Endless Shadows 828,Drama,Movie,2016,23,1.4
T100829,Dark Shadows 829,Reality,Movie,2017,664,7.1
T100830,Endless Witness 830,Comedy,Series,2025,178,7.1
T100831,Rising Harbor 831,Sci-Fi,Series,2016,35,8.6
T100832,Dark Shadows 832,Action,Series,2025,32,2.1
T100833,Hidden Garden 833,Drama,Movie,2017,1142,5.9
T100834,Lost Echo 834,Horror,Series,2024,144,6.1
T100835,Hidden Kingdom 835,Action,Movie,2025,1295,5.9
T100836,Quiet Empire 836,Romance,Series,2025,2211,6.5
T100837,Broken Witness 837,Thriller,Series,2023,1024,6.5
T100838,Hidden Shadows 838,Documentary,Movie,2018,116,1.3
T100839,Dark Garden 839,Documentary,Movie,2023,10,7.7
T100840,Forgotten Horizon 840,Sci-Fi,Movie,2025,379,7.6
T100841,Rising Harbor 841,Drama,Movie,2017,4574,7.2
T100842,Crimson Signal 842,Romance,Series,2015,233,7.1
T100843,Quiet Shadows 843,Kids,Movie,2025,15,8.1
T100844,Forgotten Harbor 844,Drama,Movie,2019,95,6.0
T100845,Crimson Garden 845,Drama,Movie,2024,189,7.0
T100846,Lost Garden 846,Romance,Series,2024,53,7.3
T100847,Lost Kingdom 847,Documentary,Movie,2016,10,2.3
T100848,Last Empire 848,Action,Series,2018,213,8.7
T100849,Last Horizon 849,Drama,Series,2016,82,7.9
T100850,Endless Ember 850,Documentary,Series,2016,2927,7.9
T100851,Hidden Echo 851,Drama,Movie,2017,282,8.4
T100852,Rising Shadows 852,Documentary,Movie,2019,472,7.1
T100853,Lost Echo 853,Sci-Fi,Movie,2018,207,8.4
T100854,Last Ember 854,Comedy,Movie,2016,279,1.6
T100855,Forgotten Shadows 855,Documentary,Movie,2025,24,9.1
T100856,Dark Garden 856,Reality,Series,2024,57,7.7
T100857,Silent Ember 857,Romance,Movie,2016,1123,6.3
T100858,Dark Ember 858,Horror,Series,2020,328,7.3
T100859,Lost Horizon 859,Action,Movie,2021,140,8.0
T100860,Lost Signal 860,Sci-Fi,Series,2024,483,6.3
T100861,Crimson Garden 861,Drama,Series,2020,497,7.3
T100862,Hidden Empire 862,Drama,Series,2021,3973,7.8
T100863,Hidden Harbor 863,Comedy,Series,2015,307,6.5
T100864,Forgotten Shadows 864,Action,Series,2020,55,1.4
T100865,Quiet Horizon 865,Horror,Series,2025,208,6.6
T100866,Golden Horizon 866,Action,Movie,2017,573,8.5
T100867,Rising Signal 867,Romance,Movie,2015,986,1.0
T100868,Broken Horizon 868,Romance,Movie,2022,26,7.9
T100869,Rising Echo 869,Thriller,Movie,2018,349,7.3
T100870,Crimson Shadows 870,Action,Movie,2024,70,6.2
T100871,Endless Horizon 871,Thriller,Movie,2022,111,6.8
T100872,Endless Horizon 872,Action,Movie,2024,800,1.4
T100873,Last Ember 873,Drama,Movie,2025,696,7.5
T100874,Quiet Legacy 874,Reality,Movie,2018,95,8.2
T100875,Crimson Echo 875,Drama,Series,2018,196,8.1
T100876,Forgotten Empire 876,Drama,Movie,2024,116,8.2
T100877,Crimson Horizon 877,Horror,Series,2018,14022,7.3
T100878,Forgotten Echo 878,Action,Movie,2020,361,8.9
T100879,Golden Ember 879,Romance,Series,2023,76,7.3
T100880,Forgotten Voyage 880,Action,Series,2019,1558,2.2
T100881,Last Garden 881,Action,Series,2024,1637,7.0
T100882,Quiet Kingdom 882,Comedy,Series,2022,3006,9.1
T100883,Crimson Shadows 883,Action,Movie,2022,4551,2.1
T100884,Dark Horizon 884,Action,Series,2018,659,7.0
T100885,Crimson Echo 885,Romance,Series,2025,150,6.0
T100886,Quiet Horizon 886,Thriller,Series,2024,184,1.2
T100887,Broken Kingdom 887,Kids,Series,2023,163,5.9
T100888,Rising Garden 888,Drama,Movie,2023,139,7.6
T100889,Last Kingdom 889,Documentary,Series,2019,1388,8.1
T100890,Hidden Kingdom 890,Thriller,Movie,2020,245,6.7
T100891,Rising Voyage 891,Kids,Movie,2019,953,7.1
T100892,Dark Harbor 892,Drama,Movie,2017,631,1.4
T100893,Endless Shadows 893,Thriller,Series,2025,53,7.8
T100894,Last Kingdom 894,Horror,Movie,2022,22,7.3
T100895,Forgotten Witness 895,Comedy,Movie,2023,43,8.9
T100896,Endless Empire 896,Horror,Movie,2018,135,2.0
T100897,Broken Signal 897,Drama,Series,2023,295,8.4
T100898,Rising Garden 898,Sci-Fi,Series,2023,99,7.8
T100899,Silent Kingdom 899,Kids,Movie,2021,655,6.7
T100900,Quiet Shadows 900,Romance,Movie,2022,117,1.2
T100901,Last Garden 901,Documentary,Series,2017,351,1.8
T100902,Rising Ember 902,Drama,Series,2019,288,6.2
T100903,Rising Witness 903,Kids,Series,2017,2774,1.1
T100904,Quiet Garden 904,Documentary,Movie,2021,62,6.4
T100905,Forgotten Signal 905,Drama,Series,2020,5387,7.1
T100906,Last Horizon 906,Romance,Movie,2025,106,7.1
T100907,Broken Voyage 907,Documentary,Movie,2017,37,6.5
T100908,Hidden Horizon 908,Drama,Movie,2023,181,6.5
T100909,Broken Kingdom 909,Comedy,Movie,2015,22838,8.2
T100910,Golden Empire 910,Drama,Series,2024,857,6.2
T100911,Lost Witness 911,Thriller,Movie,2017,569,7.1
T100912,Quiet Witness 912,Thriller,Movie,2025,745,7.4
T100913,Hidden Legacy 913,Documentary,Movie,2024,83,1.4
T100914,Forgotten Echo 914,Sci-Fi,Movie,2025,386,7.4
T100915,Rising Horizon 915,Horror,Movie,2021,246,1.5
T100916,Last Voyage 916,Thriller,Movie,2017,3080,7.2
T100917,Hidden Ember 917,Drama,Movie,2017,210,6.8
T100918,Crimson Echo 918,Romance,Series,2016,144,6.2
T100919,Quiet Voyage 919,Action,Series,2023,48,6.4
T100920,Quiet Harbor 920,Thriller,Series,2025,298,7.1
T100921,Crimson Shadows 921,Romance,Movie,2018,369,8.2
T100922,Golden Signal 922,Action,Series,2024,46,9.0
T100923,Golden Horizon 923,Kids,Series,2020,461,1.6
T100924,Rising Legacy 924,Drama,Series,2016,339,7.6
T100925,Lost Echo 925,Romance,Series,2023,1011,2.6
T100926,Last Empire 926,Drama,Movie,2021,1336,7.5
T100927,Rising Signal 927,Kids,Series,2024,279,7.6
T100928,Forgotten Voyage 928,Drama,Movie,2019,57,6.8
T100929,Crimson Voyage 929,Drama,Movie,2021,76,7.1
T100930,Quiet Shadows 930,Action,Movie,2018,2884,7.5
T100931,Lost Shadows 931,Action,Movie,2024,308,7.8
T100932,Crimson Ember 932,Comedy,Series,2021,2820,6.0
T100933,Dark Signal 933,Thriller,Movie,2016,492,2.6
T100934,Broken Kingdom 934,Documentary,Movie,2021,703,6.3
T100935,Last Horizon 935,Drama,Series,2018,911,8.4
T100936,Golden Ember 936,Action,Movie,2018,44,8.0
T100937,Rising Signal 937,Sci-Fi,Movie,2015,376,8.0
T100938,Rising Horizon 938,Romance,Series,2017,43,6.9
T100939,Forgotten Signal 939,Romance,Series,2019,164,6.0
T100940,Broken Signal 940,Romance,Movie,2019,600,2.3
T100941,Forgotten Legacy 941,Action,Series,2016,58,1.7
T100942,Quiet Ember 942,Drama,Movie,2018,535,6.5
T100943,Golden Ember 943,Comedy,Movie,2015,30,8.5
T100944,Last Kingdom 944,Horror,Movie,2023,1213,8.1
T100945,Forgotten Kingdom 945,Reality,Movie,2015,97,7.7
T100946,Hidden Harbor 946,Documentary,Series,2020,58,8.2
T100947,Rising Voyage 947,Drama,Series,2021,33,5.9
T100948,Crimson Garden 948,Drama,Movie,2017,109,7.5
T100949,Quiet Empire 949,Action,Movie,2015,17,7.1
T100950,Crimson Signal 950,Thriller,Series,2021,114,5.7
T100951,Broken Echo 951,Drama,Movie,2017,1141,8.0
T100952,Golden Witness 952,Kids,Movie,2024,188,7.7
T100953,Golden Horizon 953,Action,Series,2020,47,9.1
T100954,Dark Empire 954,Kids,Series,2020,336,1.7
T100955,Quiet Echo 955,Sci-Fi,Series,2018,297,8.5
T100956,Hidden Legacy 956,Sci-Fi,Movie,2025,3787,6.2
T100957,Dark Ember 957,Thriller,Series,2020,740,1.9
T100958,Golden Signal 958,Thriller,Movie,2025,375,7.1
T100959,Hidden Horizon 959,Romance,Movie,2024,869,7.9
T100960,Golden Legacy 960,Thriller,Movie,2018,203,8.3
T100961,Last Garden 961,Thriller,Movie,2022,220,7.1
T100962,Hidden Horizon 962,Reality,Movie,2023,2496,6.4
T100963,Endless Shadows 963,Sci-Fi,Movie,2016,25,1.6
T100964,Rising Horizon 964,Sci-Fi,Movie,2021,949,6.9
T100965,Lost Signal 965,Horror,Series,2023,210,8.1
T100966,Rising Harbor 966,Comedy,Movie,2023,163,8.7
T100967,Crimson Signal 967,Drama,Movie,2019,113,7.3
T100968,Quiet Shadows 968,Documentary,Movie,2015,303,6.7
T100969,Crimson Garden 969,Thriller,Movie,2020,230,9.1
T100970,Quiet Echo 970,Horror,Series,2022,137,7.5
T100971,Endless Voyage 971,Documentary,Movie,2015,91,7.1
T100972,Last Ember 972,Thriller,Series,2016,17,5.8
T100973,Quiet Legacy 973,Thriller,Movie,2015,89,8.3
T100974,Rising Legacy 974,Drama,Movie,2019,119,9.0
T100975,Forgotten Voyage 975,Thriller,Series,2016,302,7.4
T100976,Rising Shadows 976,Horror,Series,2024,3821,7.0
T100977,Endless Witness 977,Drama,Movie,2024,103,7.0
T100978,Endless Shadows 978,Thriller,Series,2018,58,1.6
T100979,Lost Empire 979,Thriller,Movie,2015,90,7.6
T100980,Forgotten Harbor 980,Comedy,Series,2021,303,9.0
T100981,Endless Garden 981,Drama,Series,2022,558,7.0
T100982,Last Ember 982,Reality,Series,2019,678,7.6
T100983,Forgotten Horizon 983,Action,Series,2016,780,8.5
T100984,Hidden Witness 984,Comedy,Movie,2022,950,7.1
T100985,Rising Signal 985,Comedy,Series,2015,166,1.6
T100986,Dark Harbor 986,Romance,Movie,2021,4335,6.6
T100987,Quiet Harbor 987,Thriller,Movie,2015,149,8.6
T100988,Lost Horizon 988,Romance,Movie,2020,285,7.2
T100989,Endless Shadows 989,Drama,Movie,2020,1501,1.8
T100990,Dark Garden 990,Kids,Series,2019,541,8.0
T100991,Silent Kingdom 991,Action,Movie,2016,11,7.9
T100992,Endless Empire 992,Action,Movie,2016,247,1.4
T100993,Silent Ember 993,Documentary,Movie,2023,818,2.3
T100994,Dark Ember 994,Action,Movie,2019,37,7.2
T100995,Broken Voyage 995,Horror,Series,2019,700,8.5
T100996,Forgotten Witness 996,Kids,Movie,2021,423,7.1
T100997,Lost Echo 997,Action,Series,2020,1284,6.3
T100998,Last Ember 998,Horror,Series,2016,93,1.5
T100999,Dark Echo 999,Sci-Fi,Series,2025,987,2.1
T101000,Forgotten Voyage 1000,Kids,Movie,2015,306,6.4
T101001,Hidden Voyage 1001,Comedy,Series,2019,2900,1.6
T101002,Silent Garden 1002,Thriller,Movie,2018,12094,8.4
T101003,Golden Signal 1003,Comedy,Series,2017,2108,6.4
T101004,Forgotten Echo 1004,Horror,Movie,2016,479,7.7
T101005,Silent Signal 1005,Drama,Movie,2024,6307,8.0
T101006,Quiet Shadows 1006,Thriller,Movie,2016,570,7.4
T101007,Endless Kingdom 1007,Action,Series,2018,69,7.7
T101008,Golden Kingdom 1008,Action,Movie,2016,232,7.2
T101009,Broken Witness 1009,Romance,Movie,2018,711,7.1
T101010,Crimson Ember 1010,Horror,Movie,2017,778,9.0
T101011,Rising Kingdom 1011,Thriller,Series,2023,51,8.4
T101012,Quiet Horizon 1012,Horror,Series,2021,53,1.1
T101013,Hidden Shadows 1013,Comedy,Movie,2025,152,7.1
T101014,Rising Kingdom 1014,Thriller,Series,2017,517,7.7
T101015,Quiet Echo 1015,Documentary,Movie,2022,619,9.3
T101016,Crimson Signal 1016,Drama,Movie,2023,298,7.3
T101017,Hidden Legacy 1017,Thriller,Series,2021,76,7.0
T101018,Broken Legacy 1018,Romance,Movie,2020,2784,8.0
T101019,Rising Echo 1019,Thriller,Movie,2018,55,7.3
T101020,Quiet Garden 1020,Sci-Fi,Movie,2019,1515,7.1
T101021,Golden Shadows 1021,Thriller,Movie,2022,688,7.5
T101022,Lost Harbor 1022,Drama,Movie,2017,1469,6.8
T101023,Quiet Legacy 1023,Drama,Movie,2016,131,7.8
T101024,Rising Voyage 1024,Thriller,Movie,2017,200,5.6
T101025,Quiet Echo 1025,Comedy,Movie,2021,264,1.8
T101026,Dark Empire 1026,Drama,Movie,2022,126,8.1
T101027,Golden Shadows 1027,Action,Movie,2015,335,7.2
T101028,Forgotten Voyage 1028,Thriller,Movie,2021,2232,1.3
T101029,Dark Harbor 1029,Action,Series,2023,40,8.1
T101030,Lost Signal 1030,Romance,Movie,2017,98,1.3
T101031,Hidden Voyage 1031,Romance,Series,2017,84,6.5
T101032,Forgotten Empire 1032,Action,Series,2022,214,6.2
T101033,Lost Kingdom 1033,Sci-Fi,Series,2018,202,7.8
T101034,Crimson Kingdom 1034,Romance,Movie,2022,721,2.1
T101035,Silent Ember 1035,Romance,Movie,2019,257,7.2
T101036,Hidden Horizon 1036,Thriller,Movie,2017,374,2.6
T101037,Rising Shadows 1037,Drama,Series,2018,427,5.8
T101038,Dark Ember 1038,Romance,Movie,2018,345,8.3
T101039,Endless Horizon 1039,Action,Series,2022,655,6.7
T101040,Rising Kingdom 1040,Kids,Series,2020,206,5.6
T101041,Hidden Echo 1041,Sci-Fi,Movie,2021,2453,1.0
T101042,Crimson Kingdom 1042,Thriller,Movie,2023,8589,7.4
T101043,Endless Legacy 1043,Comedy,Series,2020,658,7.9
T101044,Endless Garden 1044,Comedy,Movie,2017,337,7.3
T101045,Broken Shadows 1045,Action,Movie,2017,587,1.9
T101046,Endless Kingdom 1046,Documentary,Series,2025,52,6.2
T101047,Lost Witness 1047,Action,Movie,2017,315,1.2
T101048,Endless Witness 1048,Thriller,Series,2024,88,7.0
T101049,Dark Signal 1049,Comedy,Series,2016,500,2.0
T101050,Dark Kingdom 1050,Reality,Series,2015,89,1.6
T101051,Last Signal 1051,Drama,Movie,2025,151,7.7
T101052,Silent Garden 1052,Kids,Movie,2024,18,8.1
T101053,Hidden Legacy 1053,Kids,Movie,2015,47,7.6
T101054,Crimson Voyage 1054,Thriller,Movie,2018,402,8.0
T101055,Dark Harbor 1055,Romance,Movie,2017,73,7.8
T101056,Lost Signal 1056,Documentary,Movie,2019,1085,8.2
T101057,Rising Kingdom 1057,Romance,Movie,2023,64,6.7
T101058,Rising Signal 1058,Action,Movie,2022,462,7.4
T101059,Last Witness 1059,Action,Series,2023,84,7.5
T101060,Endless Empire 1060,Thriller,Movie,2019,420,7.3
T101061,Lost Shadows 1061,Documentary,Movie,2022,29,1.5
T101062,Lost Ember 1062,Thriller,Series,2018,130,8.3
T101063,Endless Empire 1063,Comedy,Series,2019,75,6.6
T101064,Lost Legacy 1064,Action,Movie,2017,843,7.5
T101065,Lost Harbor 1065,Drama,Movie,2019,467,6.3
T101066,Crimson Witness 1066,Drama,Movie,2017,44,7.0
T101067,Endless Echo 1067,Comedy,Series,2019,184,7.6
T101068,Lost Garden 1068,Drama,Series,2025,83,2.5
T101069,Endless Empire 1069,Drama,Series,2019,926,8.6
T101070,Quiet Signal 1070,Sci-Fi,Movie,2020,1451,8.2
T101071,Golden Voyage 1071,Drama,Movie,2023,33,7.1
T101072,Forgotten Legacy 1072,Romance,Movie,2015,779,8.6
T101073,Last Legacy 1073,Comedy,Series,2024,77,1.5
T101074,Quiet Shadows 1074,Horror,Series,2020,172,6.9
T101075,Quiet Ember 1075,Documentary,Series,2015,256,8.0
T101076,Crimson Shadows 1076,Action,Movie,2020,3113,8.3
T101077,Lost Empire 1077,Thriller,Movie,2016,60,6.8
T101078,Crimson Harbor 1078,Action,Movie,2022,787,9.1
T101079,Forgotten Ember 1079,Thriller,Series,2025,47,7.5
T101080,Crimson Ember 1080,Drama,Series,2017,43,8.2
T101081,Broken Horizon 1081,Reality,Movie,2024,255,7.2
T101082,Broken Ember 1082,Action,Movie,2020,252,7.8
T101083,Golden Garden 1083,Action,Movie,2020,10,7.8
T101084,Dark Horizon 1084,Romance,Movie,2018,1241,7.2
T101085,Crimson Legacy 1085,Action,Series,2019,12,7.6
T101086,Hidden Horizon 1086,Horror,Movie,2016,199,6.8
T101087,Broken Signal 1087,Documentary,Series,2024,1570,7.6
T101088,Lost Echo 1088,Romance,Movie,2024,5393,7.0
T101089,Endless Harbor 1089,Drama,Series,2022,147,7.8
T101090,Forgotten Shadows 1090,Horror,Movie,2024,33,2.0
T101091,Crimson Garden 1091,Sci-Fi,Series,2021,1490,7.1
T101092,Last Witness 1092,Comedy,Movie,2024,822,1.9
T101093,Forgotten Ember 1093,Drama,Movie,2020,123,6.3
T101094,Quiet Shadows 1094,Action,Movie,2021,103,7.7
T101095,Rising Signal 1095,Reality,Movie,2015,90,1.2
T101096,Dark Horizon 1096,Comedy,Movie,2019,151,6.9
T101097,Lost Harbor 1097,Documentary,Movie,2021,381,1.4
T101098,Silent Ember 1098,Drama,Series,2015,111,1.2
T101099,Golden Kingdom 1099,Action,Movie,2016,132,8.0
T101100,Dark Voyage 1100,Thriller,Series,2023,601,7.2
T101101,Rising Garden 1101,Reality,Series,2017,31,1.5
T101102,Hidden Shadows 1102,Thriller,Movie,2020,145,5.5
T101103,Hidden Witness 1103,Sci-Fi,Series,2021,23,2.1
T101104,Lost Shadows 1104,Thriller,Movie,2023,285,7.0
T101105,Hidden Voyage 1105,Drama,Movie,2019,16,8.8
T101106,Quiet Horizon 1106,Action,Movie,2018,851,6.0
T101107,Hidden Kingdom 1107,Thriller,Series,2025,39,1.8
T101108,Golden Witness 1108,Reality,Movie,2016,20,8.4
T101109,Forgotten Legacy 1109,Horror,Movie,2017,147,8.8
T101110,Last Kingdom 1110,Comedy,Movie,2019,2685,7.4
T101111,Lost Signal 1111,Comedy,Series,2025,662,7.3
T101112,Silent Shadows 1112,Comedy,Movie,2016,17,8.3
T101113,Rising Signal 1113,Kids,Series,2018,37,8.2
T101114,Rising Empire 1114,Horror,Series,2015,141,8.8
T101115,Broken Voyage 1115,Sci-Fi,Series,2018,5618,8.4
T101116,Forgotten Horizon 1116,Action,Series,2021,66,7.0
T101117,Quiet Garden 1117,Documentary,Series,2017,66,6.2
T101118,Last Ember 1118,Documentary,Movie,2024,2076,8.4
T101119,Silent Legacy 1119,Comedy,Movie,2022,321,1.8
T101120,Silent Witness 1120,Documentary,Movie,2020,1069,7.4
T101121,Lost Kingdom 1121,Drama,Movie,2020,88,7.4
T101122,Hidden Voyage 1122,Drama,Movie,2015,212,1.3
T101123,Hidden Signal 1123,Horror,Movie,2019,1544,8.6
T101124,Endless Voyage 1124,Sci-Fi,Movie,2017,200,7.0
T101125,Rising Witness 1125,Action,Series,2024,1179,8.1
T101126,Broken Voyage 1126,Thriller,Movie,2015,421,6.1
T101127,Dark Horizon 1127,Action,Series,2022,57,7.7
T101128,Broken Empire 1128,Sci-Fi,Movie,2021,239,7.4
T101129,Crimson Echo 1129,Sci-Fi,Series,2021,967,6.4
T101130,Hidden Shadows 1130,Sci-Fi,Series,2024,625,6.8
T101131,Crimson Shadows 1131,Romance,Movie,2024,231,8.0
T101132,Forgotten Garden 1132,Comedy,Movie,2024,17,8.5
T101133,Golden Garden 1133,Action,Movie,2018,20,1.5
T101134,Last Ember 1134,Documentary,Movie,2025,27,1.6
T101135,Crimson Horizon 1135,Action,Series,2020,120,8.5
T101136,Dark Echo 1136,Sci-Fi,Series,2023,144,7.2
T101137,Dark Harbor 1137,Action,Movie,2017,31,2.2
T101138,Crimson Witness 1138,Drama,Movie,2023,1024,8.2
T101139,Hidden Signal 1139,Action,Movie,2018,42,7.1
T101140,Golden Signal 1140,Reality,Movie,2019,36,7.2
T101141,Crimson Witness 1141,Comedy,Series,2021,277,7.5
T101142,Silent Garden 1142,Thriller,Movie,2020,957,1.8
T101143,Lost Shadows 1143,Documentary,Movie,2024,4345,2.5
T101144,Rising Kingdom 1144,Drama,Movie,2022,553,9.0
T101145,Broken Legacy 1145,Documentary,Movie,2022,2234,8.7
T101146,Golden Voyage 1146,Romance,Series,2022,45,2.0
T101147,Lost Garden 1147,Thriller,Movie,2017,5032,6.6
T101148,Endless Horizon 1148,Horror,Series,2024,18,2.1
T101149,Last Legacy 1149,Comedy,Series,2020,121,6.4
T101150,Dark Harbor 1150,Drama,Movie,2021,536,6.8
T101151,Endless Signal 1151,Kids,Movie,2023,26,6.9
T101152,Golden Garden 1152,Action,Series,2024,67,8.8
T101153,Broken Ember 1153,Thriller,Series,2024,54,7.2
T101154,Endless Harbor 1154,Sci-Fi,Series,2018,158,6.1
T101155,Dark Harbor 1155,Action,Movie,2019,1790,7.3
T101156,Hidden Garden 1156,Romance,Series,2022,251,8.8
T101157,Crimson Voyage 1157,Drama,Movie,2015,128,1.3
T101158,Last Empire 1158,Action,Series,2020,10,6.2
T101159,Lost Legacy 1159,Drama,Series,2018,470,6.6
T101160,Rising Witness 1160,Sci-Fi,Movie,2019,740,7.9
T101161,Broken Legacy 1161,Comedy,Series,2025,23,6.3
T101162,Silent Ember 1162,Romance,Movie,2019,223,7.9
T101163,Endless Shadows 1163,Kids,Series,2016,321,8.9
T101164,Silent Kingdom 1164,Thriller,Movie,2022,944,9.4
T101165,Hidden Witness 1165,Thriller,Series,2016,89,6.2
T101166,Quiet Shadows 1166,Documentary,Movie,2018,72,8.7
T101167,Golden Voyage 1167,Action,Series,2019,129,6.8
T101168,Broken Garden 1168,Documentary,Movie,2015,1478,1.9
T101169,Forgotten Signal 1169,Thriller,Movie,2020,1055,6.9
T101170,Crimson Kingdom 1170,Reality,Movie,2016,237,8.1
T101171,Hidden Witness 1171,Kids,Series,2019,1020,6.9
T101172,Hidden Horizon 1172,Horror,Movie,2020,10,8.1
T101173,Dark Ember 1173,Horror,Movie,2025,741,6.9
T101174,Lost Voyage 1174,Documentary,Movie,2022,51,8.0
T101175,Hidden Shadows 1175,Romance,Series,2023,2904,7.7
T101176,Broken Kingdom 1176,Kids,Movie,2020,55,6.5
T101177,Hidden Voyage 1177,Action,Movie,2019,74,6.4
T101178,Rising Legacy 1178,Reality,Movie,2018,538,6.8
T101179,Dark Kingdom 1179,Action,Movie,2016,616,7.4
T101180,Dark Legacy 1180,Thriller,Movie,2016,131,7.4
T101181,Lost Echo 1181,Romance,Movie,2021,412,9.0
T101182,Crimson Harbor 1182,Reality,Series,2019,490,7.8
T101183,Silent Garden 1183,Comedy,Series,2021,424,7.2
T101184,Forgotten Voyage 1184,Sci-Fi,Movie,2025,139,7.9
T101185,Endless Witness 1185,Thriller,Movie,2015,496,1.2
T101186,Last Kingdom 1186,Comedy,Series,2015,1753,6.9
T101187,Forgotten Legacy 1187,Sci-Fi,Movie,2019,44,1.4
T101188,Lost Legacy 1188,Thriller,Series,2016,75,8.3
T101189,Lost Ember 1189,Romance,Movie,2022,254,7.5
T101190,Quiet Kingdom 1190,Action,Movie,2017,56,8.4
T101191,Quiet Signal 1191,Documentary,Movie,2015,20,9.0
T101192,Golden Voyage 1192,Thriller,Series,2016,1130,1.9
T101193,Last Harbor 1193,Action,Movie,2024,11,1.2
T101194,Lost Shadows 1194,Comedy,Movie,2024,139,8.0
T101195,Quiet Signal 1195,Reality,Movie,2021,708,2.2
T101196,Endless Shadows 1196,Thriller,Series,2020,355,6.5
T101197,Broken Ember 1197,Sci-Fi,Series,2022,142,7.6
T101198,Silent Kingdom 1198,Action,Movie,2021,53,8.3
T101199,Silent Echo 1199,Action,Movie,2024,396,7.1
